name,url,username,password
http://10.53.1.3,http://10.53.1.3/gportal/web/login,312120030427,Nqc030520..
http://192.168.1.1,http://192.168.1.1/cgi-bin/luci/admin/wifi/base,2103,Nqc39639
http://218.196.240.27,http://218.196.240.27/srun_portal_pc,312120030427,Nqc030520..
passport.aliyundrive.com,https://passport.aliyundrive.com/mini_login.htm,17525739639,Nqc030520..
anaconda.cloud,https://anaconda.cloud/tutorials/getting-started-with-anaconda-individual-edition,a2078715462@vip.qq.com,Nqc030520..
appleid.apple.com,https://appleid.apple.com/account,a2078715462@vip.qq.com,Nqc030520..
aistudio.baidu.com,https://aistudio.baidu.com/aistudio/index,17525739639,Nqc030520..
pan.baidu.com,https://pan.baidu.com/s/1KhUTtLXsvBxGVaeeuKChZw,17525739639,Nqc030520..
passport.baidu.com,https://passport.baidu.com/v6/setPassword,低调***ve,Nqc030520..
yiyan.baidu.com,https://yiyan.baidu.com/welcome,17525739639,Nqc030520..
www.bilibili.com,https://www.bilibili.com/,17839106780,Nqc030520..
passport.bilibili.com,https://passport.bilibili.com/login,17839106780,Nqc030520..
account.chsi.com.cn,https://account.chsi.com.cn/passport/login,17525739639,Nqc030520..
dash.cloudflare.com,https://dash.cloudflare.com/sign-up,a2078715462@gmail.com,Nqc030520..
my.cnki.net,https://my.cnki.net/ThirdLogin/login/EmailBind,a2078715462@vip.qq.com,Nqc030520..
bbs.csgocn.net,https://bbs.csgocn.net/user-create.htm,Ping,Nqc39639
www.douyin.com,https://www.douyin.com/,17525739639,Nqc030520..
www.douyin.com,https://www.douyin.com/,17839106780,Nqc030520..
www.dp712.com,https://www.dp712.com/user-sign,Ping,Nzl39639
www.educoder.net,https://www.educoder.net/users/popaui2el/classrooms,17525739639,Nqc030520..
www.educoder.net,https://www.educoder.net/,19839178626,Nqc030520..
www.epicgames.com,https://www.epicgames.com/id/link/xbl/new,a2078715462@vip.qq.com,Nqc030520..
www.fakku.net,https://www.fakku.net/login,Guest_Ping,Guest_Ping_Fakku
www.fakku.net,https://www.fakku.net/users/create,Ping,Guest_Ping_Fakku
fishc.com.cn,https://fishc.com.cn/member.php,低调の过客,Nqc030520..
fishc.com.cn,https://fishc.com.cn/,低调の过客,Nqc030520..
school.gwifi.gbcom.com,android://3639EAEE52E7695C006F803F502C3CDF6B03589668005C8A05A48D689588B35AAB9AB74A4A5CE7995D817B2332EB5CF6961B6DB8263C521D2DD39B0DF052EE67@com.gbcom.gwifi.school,312120030427,Nqc030520..
github.com,https://github.com/session,Nqc39639,Nqc030520..
givee.club,https://givee.club/zh/account/register,Ping,Guest_Ping_Givee
accounts.google.com,https://accounts.google.com/signin/v2/challenge/pwd,a2078715462@gmail.com,Nqc030520..
http://fwjc.gxzz.haedu.gov.cn,http://fwjc.gxzz.haedu.gov.cn/,10020913,xszzglzx3987097
http://gzgl.jyt.henan.gov.cn,http://gzgl.jyt.henan.gov.cn/zk/Login.aspx,22022502331,Nzy123456
http://gzzs.jyt.henan.gov.cn,http://gzzs.jyt.henan.gov.cn/zk/,230225106411,Nzy123456
tycs.hpu.edu.cn,https://tycs.hpu.edu.cn/tycsweb/index.aspx,312120030427,Nqc030520..
uia.hpu.edu.cn,https://uia.hpu.edu.cn/cas/login,312120030427,Nqc030520..
webvpn.hpu.edu.cn,https://webvpn.hpu.edu.cn/https/uia.hpu.edu.cn/cas/login,312120030427,Nqc030520..
http://zhjw.hpu.edu.cn,http://zhjw.hpu.edu.cn/eams/loginExt.action,312120030427,Nqc030520..
www.ibm.com,https://www.ibm.com/account/reg/cn-zh/signup,Guest,Nqc39639
www.iconfont.cn,https://www.iconfont.cn/register,17839106780,Nqc39639
www.icourse163.org,https://www.icourse163.org/home.htm,17525739639,Nqc030520..
reg.icourse163.org,https://reg.icourse163.org/webzj/v1.0.1/pub/index_dl2_new.html,17525739639,Nqc030520..
account.jetbrains.com,https://account.jetbrains.com/signup-complete,Nqc39639,Nqc030520..
passport.lanqiao.cn,https://passport.lanqiao.cn/register,17525739639,Nqc030520..
chat.linsoc.com,https://chat.linsoc.com/home,a2078715462@gmail.com,Nqc030520..
linsoc22.com,https://linsoc22.com/register.html,a2078715462@gmail.com,Nqc030520..
login.live.com,https://login.live.com/login.srf,a2078715462@vip.qq.com,Nqc030520..
login.live.com,https://login.live.com/login.srf,guest_ping@outlook.com,Nqc030520..
static.qspfw.moe.gov.cn,https://static.qspfw.moe.gov.cn/user/,牛钦川,202916
www.mosoteach.cn,https://www.mosoteach.cn/web/index.php,17525739639,Nqc030520..
passport.neea.cn,https://passport.neea.cn/,a2078715462@vip.qq.com,Nqc-030520
passport.neea.edu.cn,https://passport.neea.edu.cn/Home/login,a2078715462@vip.qq.com,Nqc_030520
nic.eu.org,https://nic.eu.org/arf/en/contact/create/,631-385-3743,Nqc030520..
nic.eu.org,https://nic.eu.org/arf/en/login/,MKB13-FREE,Nqc030520..
accounts.pixiv.net,https://accounts.pixiv.net/signup,Guest_Ping@outlook.com,Guest_Ping_Pixiv
python123.io,https://python123.io/student/account/password,a2078715462@vip.qq.com,Nqc_030520
exmail.qq.com,https://exmail.qq.com/cgi-bin/loginpage,312120030427@home.hpu.edu.cn,Nqc030520..
xui.ptlogin2.qq.com,https://xui.ptlogin2.qq.com/cgi-bin/xlogin,3548189941,Nzl39639
mp.weixin.qq.com,https://mp.weixin.qq.com/,a2078715462@vip.qq.com,Nqc030520..
login.sina.com.cn,https://login.sina.com.cn/signup/signin.php,17525739639,Nqc030520..
store.steamchina.com,https://store.steamchina.com/login,Guest_Ping,Nzl030520..
store.steamchina.com,https://store.steamchina.com/login,Nqc39639,Nqc030520..
steamcommunity.com,https://steamcommunity.com/openid/login,Guest_Ping,Nzl030520..
steamcommunity.com,https://steamcommunity.com/openid/login,Nqc39639,Nqc030520..
steamcommunity.com,https://steamcommunity.com/login/home/,test_of_2,Nqc39639
store.steampowered.com,https://store.steampowered.com/join/completesignup,test_of_1,Nqc39639
store.steampowered.com,https://store.steampowered.com/join/completesignup,test_of_2,Nqc39639
console.cloud.tencent.com,https://console.cloud.tencent.com/developer,a2078715462@vip.qq.com,Nqc030520..
www.tsinghuaelt.com,https://www.tsinghuaelt.com/course-study-student/171/34797/743319/62450124f884a5754818af80,hnlg312120030427,a123456
api.twitter.com,https://api.twitter.com/oauth/authorize,Guest_Ping@outlook.com,Nqc39639
www.ulearning.cn,https://www.ulearning.cn/ulearning/index.html,hnlg312120030427,Nqc39639
umooc.ulearning.cn,https://umooc.ulearning.cn/pc.html,hnlg312120030427,Nqc39639
passport.weibo.cn,https://passport.weibo.cn/signin/login,17525739639,Nqc39639
winmoes.com,https://winmoes.com/tools/14343.html,845764,Nqc39639
zhtj.youth.cn,https://zhtj.youth.cn/zhtj/signin,41022519810929493X,lyp6449690
zhtj.youth.cn,https://zhtj.youth.cn/zhtj/signin,410225200305202916,Nqc030520..
zhtj.youth.cn,https://zhtj.youth.cn/zhtj/signin,411628200201116118,123kongshenyu
zhutix.com,https://zhutix.com/pc/paranoid-android/,ping,password
