{"options":{"check_for_updates":false,"comment":null,"compat_foreach":false,"compat_metadata":false,"compat_powerful_this":null,"compat_wrappedjsobject":false,"compatopts_for_requires":true,"noframes":null,"override":{"merge_connects":true,"merge_excludes":true,"merge_includes":true,"merge_matches":true,"orig_connects":["app.bilibili.com","passport.bilibili.com","link.acg.tv","www.mcbbs.net"],"orig_excludes":[],"orig_includes":[],"orig_matches":["https://www.bilibili.com/","https://www.mcbbs.net/template/mcbbs/image/special_photo_bg.png","https://www.bilibili.com/index.html","https://www.bilibili.com/?*","https://www.mcbbs.net/template/mcbbs/image/special_photo_bg.png?*","https://www.bilibili.com/index.html?*"],"orig_noframes":null,"orig_run_at":"document-idle","use_blockers":[],"use_connects":[],"use_excludes":[],"use_includes":[],"use_matches":[]},"run_at":null,"sandbox":null,"tab_types":null,"unwrap":null,"user_modified":null},"settings":{"enabled":false,"position":14},"meta":{"name":"Bilibili App","uuid":"3a29cf18-bdca-4c07-8c61-64e3189d1067","modified":1695724019827,"file_url":"https://greasyfork.org/scripts/443530-bilibili-app-recommend/code/script.user.js"}}