{"ts":1704195040391,"data":{"bilibili-app-recommend.settings":"o{\"accessKey\": \"67852ffedb4458b1b09edd958f21c751\",\"useNarrowMode\": false,\"initialShowMore\": true,\"pureRecommend\": true,\"autoPreviewWhenKeyboardSelect\": false,\"autoPreviewUpdateInterval\": 200,\"autoPreviewWhenHover\": true,\"theme\": \"default-bili-pink\",\"colorPickerThemeSelectedColor\": \"\",\"shuffleForWatchLater\": true,\"shuffleForFav\": true,\"excludeFavFolderIds\": [],\"filterMinPlayCountEnabled\": false,\"filterMinPlayCount\": 10000,\"filterMinDurationEnabled\": false,\"filterMinDuration\": 60,\"enableFilterForFollowedVideo\": false,\"filterOutGotoTypePicture\": false,\"enableFilterForFollowedPicture\": false,\"styleUseYoutubeLikeCard\": false,\"styleUseStandardVideoSourceTab\": false,\"backupSettingsToArticleDraft\": false}"}}