{"options":{"check_for_updates":true,"comment":null,"compat_foreach":false,"compat_metadata":false,"compat_powerful_this":null,"compat_wrappedjsobject":false,"compatopts_for_requires":true,"noframes":null,"override":{"merge_connects":true,"merge_excludes":true,"merge_includes":true,"merge_matches":true,"orig_connects":[],"orig_excludes":[],"orig_includes":[],"orig_matches":["*://buff.163.com/goods*","*://buff.163.com/market/csgo_inspect/3d?compare=true*","*://spect.fp.ps.netease.com/*","*://buff.163.com/compare3d*"],"orig_noframes":null,"orig_run_at":"document-start","use_blockers":[],"use_connects":[],"use_excludes":[],"use_includes":[],"use_matches":[]},"run_at":null,"sandbox":null,"tab_types":null,"unwrap":null,"user_modified":null},"settings":{"enabled":true,"position":18},"meta":{"name":"CSGO饰品2D/3D对比","uuid":"a8ed4a83-f57b-4217-a4d7-6c89c54f980b","modified":1705150006808,"file_url":"https://update.greasyfork.org/scripts/427277/CSGO%E9%A5%B0%E5%93%812D3D%E5%AF%B9%E6%AF%94.user.js"}}