{"options":{"check_for_updates":false,"comment":null,"compat_foreach":false,"compat_metadata":false,"compat_powerful_this":null,"compat_wrappedjsobject":false,"compatopts_for_requires":true,"noframes":null,"override":{"merge_connects":true,"merge_excludes":true,"merge_includes":true,"merge_matches":true,"orig_connects":[],"orig_excludes":[],"orig_includes":[],"orig_matches":["*://github.com/*","*://kgithub.com/*","*://hub.fgit.gq/*"],"orig_noframes":null,"orig_run_at":"document-end","use_blockers":[],"use_connects":[],"use_excludes":[],"use_includes":[],"use_matches":[]},"run_at":null,"sandbox":"JavaScript","tab_types":null,"unwrap":null,"user_modified":null},"settings":{"enabled":true,"position":2},"meta":{"name":"Github 高速下载","uuid":"19f164d0-704c-4234-b0f4-e5b953270da6","modified":1695723919041,"file_url":"https://greasyfork.org/scripts/412245-github-%E5%A2%9E%E5%BC%BA-%E9%AB%98%E9%80%9F%E4%B8%8B%E8%BD%BD/code/Github%20%E5%A2%9E%E5%BC%BA%20-%20%E9%AB%98%E9%80%9F%E4%B8%8B%E8%BD%BD.user.js"}}