{"options":{"check_for_updates":true,"comment":null,"compat_foreach":false,"compat_metadata":false,"compat_powerful_this":null,"compat_wrappedjsobject":false,"compatopts_for_requires":true,"noframes":null,"override":{"merge_connects":true,"merge_excludes":true,"merge_includes":true,"merge_matches":true,"orig_connects":["greasyfork.org","sleazyfork.org"],"orig_excludes":[],"orig_includes":[],"orig_matches":["http*://greasyfork.org/*","http*://www.greasyfork.org/*","http*://sleazyfork.org/*","http*://www.sleazyfork.org/*"],"orig_noframes":null,"orig_run_at":"document-idle","use_blockers":[],"use_connects":[],"use_excludes":[],"use_includes":[],"use_matches":[]},"run_at":null,"sandbox":null,"tab_types":null,"unwrap":null,"user_modified":null},"settings":{"enabled":true,"position":3},"meta":{"name":"Greasyfork Search with Sleazyfork Results include","uuid":"489e4b22-8f2f-42d2-bbf5-ae226cc36dff","modified":1686309020980,"file_url":"https://greasyfork.org/scripts/23840-greasyfork-search-with-sleazyfork-results-include/code/Greasyfork%20Search%20with%20Sleazyfork%20Results%20include.user.js"}}