{"options":{"check_for_updates":true,"comment":null,"compat_foreach":false,"compat_metadata":false,"compat_powerful_this":null,"compat_wrappedjsobject":false,"compatopts_for_requires":true,"noframes":null,"override":{"merge_connects":true,"merge_excludes":true,"merge_includes":true,"merge_matches":true,"orig_connects":[],"orig_excludes":[],"orig_includes":[],"orig_matches":["*://www.bing.com/search*"],"orig_noframes":null,"orig_run_at":"document-start","use_blockers":[],"use_connects":[],"use_excludes":[],"use_includes":[],"use_matches":[]},"run_at":null,"sandbox":null,"tab_types":null,"unwrap":null,"user_modified":null},"settings":{"enabled":true,"position":12},"meta":{"name":"Powerful Bing Chat/AI","uuid":"dbbf22e9-8379-44f8-9740-a8a3110bcabb","modified":1681797787165,"file_url":"https://greasyfork.org/scripts/461220-powerful-bing-chat-ai/code/Powerful%20Bing%20ChatAI.user.js"}}