{"options":{"check_for_updates":true,"comment":null,"compat_foreach":false,"compat_metadata":false,"compat_powerful_this":null,"compat_wrappedjsobject":false,"compatopts_for_requires":true,"noframes":null,"override":{"merge_connects":true,"merge_excludes":true,"merge_includes":true,"merge_matches":true,"orig_connects":[],"orig_excludes":[],"orig_includes":[],"orig_matches":["http*://*.cnki.net","http*://cdmd.cnki.com.cn/Article/CDMD-*","http*://*/kcms/detail/detail.aspx?*dbcode=*","http*://*/*/*/kcms/detail/detail.aspx?*dbcode=*","http*://*/*/*/kcms/detail*","http*://*/https/*/kcms*","http*://*/KCMS/detail/detail.aspx?*dbcode=*","http*://*/kns*/defaultresult/index*","http*://*/https/*/kns8/defaultresult/index","http*://*/https/*/kns8/DefaultResult/Index*","http*://*/https/*/kcms/detail/detail.aspx?","http*://*/KNS8/AdvSearch?*","http*://*/kns8/AdvSearch?*","http*://*/kns/brief/*result*","http*://*/kcms/Detail/DownDetail.aspx*","http*://*/KNS8/DefaultResult/index*","http*://*/kns8/DefaultResult/Index*","http*://*/kns8/defaultresult/index*","http*://*/https/*/KNS8/DefaultResult/*","http*://*/kcms2/article/abstract?*","http*://libproxy.wmu.edu.cn/*","*://kns.cnki.net/KXReader/Detail?*","*://new.oversea.cnki.net/KXReader/Detail?*","*://new.big5.oversea.cnki.net/KXReader/Detail?*","*://new.gb.oversea.cnki.net/KXReader/Detail?*","*://*/KXReader/Detail?*"],"orig_noframes":null,"orig_run_at":"document-idle","use_blockers":[],"use_connects":[],"use_excludes":[],"use_includes":[],"use_matches":[]},"run_at":null,"sandbox":null,"tab_types":null,"unwrap":null,"user_modified":null},"settings":{"enabled":true,"position":9},"meta":{"name":"中国知网CNKI硕博论文PDF下载","uuid":"b944bdb5-9ef0-4a28-ac64-a9608d26c28f","modified":1693630246423,"file_url":"https://greasyfork.org/scripts/389343-%E4%B8%AD%E5%9B%BD%E7%9F%A5%E7%BD%91cnki%E7%A1%95%E5%8D%9A%E8%AE%BA%E6%96%87pdf%E4%B8%8B%E8%BD%BD/code/%E4%B8%AD%E5%9B%BD%E7%9F%A5%E7%BD%91CNKI%E7%A1%95%E5%8D%9A%E8%AE%BA%E6%96%87PDF%E4%B8%8B%E8%BD%BD.user.js"}}