{"ts":1687764500263,"data":{"exam_save":"o[\"F8910B1D-EFD9-48C1-8C03-23B1A761D1EA\",\"C463086F-58BA-4C82-A2A7-A2A60D394C15\",\"4226A22B-7DE9-4ABF-9369-212AB8403FD9\",\"7982D4B7-9270-58A8-1444-EFD827CA273E\",\"528C119F-3DF5-4CF7-AE79-3CFB655B9D0B\"]","first_use":"bfalse","key":"onull","lastCode":"sfunction load_zhushou() {\r\n\r\n}","login_state":"btrue","notice":"s本插件含有功能，提前阅卷（不消耗答题机会），一键搜索答题（自动填写答案），一键完成所有资源，课程公告一键已读，批量点赞，模糊搜索等 ","userId":"s696FC889-CA8E-4A2C-9D8E-F00B9CDCF954"}}