{"options":{"check_for_updates":true,"comment":null,"compat_foreach":false,"compat_metadata":false,"compat_powerful_this":null,"compat_wrappedjsobject":false,"compatopts_for_requires":true,"noframes":null,"override":{"merge_connects":true,"merge_excludes":true,"merge_includes":true,"merge_matches":true,"orig_connects":["eb28743a-0a36-4e14-a166-160855f57610.bspapp.com","8cd42328-4ffe-47ef-b284-badb402920e3.bspapp.com","gitee.com"],"orig_excludes":[],"orig_includes":["https://www.mosoteach.cn/*"],"orig_matches":["https://www.mosoteach.cn/web/*"],"orig_noframes":null,"orig_run_at":"document-idle","use_blockers":[],"use_connects":[],"use_excludes":[],"use_includes":[],"use_matches":[]},"run_at":null,"sandbox":null,"tab_types":null,"unwrap":null,"user_modified":null},"settings":{"enabled":true,"position":13},"meta":{"name":"云班课最强助手","uuid":"b0d841b0-8d3e-42f1-b235-f2673990fdca","modified":1681832391884,"file_url":"https://tcb-w644nfbyxrttaih-2cpr71dbf4b7-1304481250.tcloudbaseapp.com/mosoteach5.user.js"}}