{"options":{"check_for_updates":false,"comment":null,"compat_foreach":false,"compat_metadata":false,"compat_powerful_this":null,"compat_wrappedjsobject":false,"compatopts_for_requires":true,"noframes":null,"override":{"merge_connects":true,"merge_excludes":true,"merge_includes":true,"merge_matches":true,"orig_connects":[],"orig_excludes":[],"orig_includes":["http://*.jd.com/*","https://*.jd.com/*","http://*.jd.hk/*","https://*.jd.hk/*","http://*.taobao.com/*","https://*.taobao.com/*","http://*.tmall.com/*","https://*.tmall.com/*","https://*.tmall.hk/*"],"orig_matches":[],"orig_noframes":null,"orig_run_at":"document-end","use_blockers":[],"use_connects":[],"use_excludes":[],"use_includes":[],"use_matches":[]},"run_at":null,"sandbox":null,"tab_types":null,"unwrap":null,"user_modified":null},"settings":{"enabled":true,"position":11},"meta":{"name":"各电商平台史价及比价","uuid":"af65873b-aaf6-4f52-9156-b1e1d094fda4","modified":1695723759777,"file_url":"https://www.youhou8.com/install/max/%E3%80%90%E7%BA%AF%E5%87%80%E7%89%88%E3%80%91%E5%8C%B9%E9%85%8D%E6%89%80%E6%9C%89%E7%94%B5%E5%95%86%E5%B9%B3%E5%8F%B0%EF%BC%8C%E6%AF%94%E4%BB%B7%EF%BC%8C%E6%98%BE%E7%A4%BA%E5%8E%86%E5%8F%B2%E4%BB%B7%E6%A0%BC%E6%9B%B2%E7%BA%BF.user.js"}}