{"ts":1701777193485,"data":{"baiduList":"n22","iconOpacity":"s100","iconPosition":"sleft","iconTop":"n306","iconWaitTime":"s0.5","iconWidth":"s40","playVideoLineText":"s纯净1,https://im1907.top/?jx=\nB站1,https://jx.jsonplayer.com/player/?url=\n爱豆,https://jx.aidouer.net/?url=\nBL,https://vip.bljiex.com/?v=\n冰豆,https://api.qianqi.net/vip/?url=\n百域,https://jx.618g.com/?url=\nCK,https://www.ckplayer.vip/jiexi/?url=\nCHok,https://www.gai4.com/?url=\nckmov,https://www.ckmov.vip/api.php?url=\nH8,https://www.h8jx.com/jiexi.php?url=\nJY,https://jx.playerjy.com/?url=\n解析,https://ckmov.ccyjjd.com/ckmov/?url=\n解析la,https://api.jiexi.la/?url=\n老板,https://vip.laobandq.com/jiexi.php?url=\nMAO,https://www.mtosz.com/m3u8.php?url=\nM3U8,https://jx.m3u8.tv/jiexi/?url=\n诺讯,https://www.nxflv.com/?url=\nOK,https://okjx.cc/?url=\nPM,https://www.playm3u8.cn/jiexi.php?url=\n盘古,https://www.pangujiexi.cc/jiexi.php?url=\n七哥,https://jx.nnxv.cn/tv.php?url=\nRDHK,https://jx.rdhk.net/?v=\n人人迷,https://jx.blbo.cc:4433/?url=\n思云,https://jx.ap2p.cn/?url=\n思古3,https://jsap.attakids.com/?url=\n听乐,https://jx.dj6u.com/?url=\n维多,https://jx.ivito.cn/?url=\n虾米,https://jx.xmflv.com/?url=\n云端,https://sb.5gseo.net/?url=\n云析,https://jx.yparse.com/index.php?url=\n0523,https://go.yh0523.cn/y.cy?url=\n17云,https://www.1717yun.com/jx/ty.php?url=\n180,https://jx.000180.top/jx/?url=\n4K,https://jx.4kdv.com/?url=\n8090,https://www.8090g.cn/?url=","removeKeyword":"n22","removeRight":"n22","removeVideo":"n0","removeYanxuan":"n22","setting_init_code":"s865746","setting_rpc_dir":"sD:","setting_rpc_domain":"shttp://localhost","setting_rpc_path":"s/jsonrpc","setting_rpc_port":"s16800","setting_rpc_token":"s","setting_terminal_type":"swc","setting_theme_color":"s#09AAFF","videoPlayLineAdd":"n22"}}