{"options":{"check_for_updates":true,"comment":null,"compat_foreach":false,"compat_metadata":false,"compat_powerful_this":null,"compat_wrappedjsobject":false,"compatopts_for_requires":true,"noframes":null,"override":{"merge_connects":true,"merge_excludes":true,"merge_includes":true,"merge_matches":true,"orig_connects":["iesdouyin.com","47.99.158.118","api.typechrome.com","gitlab.com"],"orig_excludes":[],"orig_includes":[],"orig_matches":["*://*.youku.com/*","*://*.iqiyi.com/*","*://*.iq.com/*","*://*.le.com/*","*://v.qq.com/*","*://m.v.qq.com/*","*://*.tudou.com/*","*://*.mgtv.com/*","*://tv.sohu.com/*","*://*.1905.com/*","*://film.sohu.com/*","*://*.bilibili.com/*","*://*.pptv.com/*","*://item.taobao.com/*","*://s.taobao.com/*","*://chaoshi.detail.tmall.com/*","*://detail.tmall.com/*","*://detail.tmall.hk/*","*://item.jd.com/*","*://*.yiyaojd.com/*","*://npcitem.jd.hk/*","*://*.liangxinyao.com/*","*://music.163.com/*","*://y.qq.com/*","*://*.kugou.com/*","*://*.kuwo.cn/*","*://*.ximalaya.com/*","*://*.zhihu.com/*","*://*.douyin.com/*","*://*.kuaishou.com/*","*://*.ixigua.com/*","*://*.youtube.com/*","*://47.99.158.118/*"],"orig_noframes":null,"orig_run_at":"document-idle","use_blockers":[],"use_connects":[],"use_excludes":[],"use_includes":[],"use_matches":[]},"run_at":null,"sandbox":null,"tab_types":null,"unwrap":null,"user_modified":null},"settings":{"enabled":false,"position":16},"meta":{"name":"懒人工具箱","uuid":"b1a8dbad-37e9-42a7-98a0-ca42e2f58839","modified":1706790778047,"file_url":"https://gitlab.com/lanhaha/lanrenjiaoben/-/raw/main/jx.user.js"}}