{"options":{"check_for_updates":true,"comment":null,"compat_foreach":false,"compat_metadata":false,"compat_powerful_this":null,"compat_wrappedjsobject":false,"compatopts_for_requires":true,"noframes":null,"override":{"merge_connects":true,"merge_excludes":true,"merge_includes":true,"merge_matches":true,"orig_connects":[],"orig_excludes":[],"orig_includes":[],"orig_matches":["*://*.ghlearning.com/*"],"orig_noframes":null,"orig_run_at":"document-end","use_blockers":[],"use_connects":[],"use_excludes":[],"use_includes":[],"use_matches":[]},"run_at":null,"sandbox":null,"tab_types":null,"unwrap":null,"user_modified":null},"settings":{"enabled":false,"position":15},"meta":{"name":"河南专技在线辅助","uuid":"c6f2f286-1799-4c46-a633-23f9daa49f4c","modified":1691215583568,"file_url":"https://greasyfork.org/scripts/389705-%E6%B2%B3%E5%8D%97%E4%B8%93%E6%8A%80%E5%9C%A8%E7%BA%BF%E8%BE%85%E5%8A%A9/code/script.user.js"}}