{"options":{"check_for_updates":true,"comment":null,"compat_foreach":false,"compat_metadata":false,"compat_powerful_this":null,"compat_wrappedjsobject":false,"compatopts_for_requires":true,"noframes":null,"override":{"merge_connects":true,"merge_excludes":true,"merge_includes":true,"merge_matches":true,"orig_connects":["steamcommunity.com"],"orig_excludes":[],"orig_includes":["/https:\\/\\/buff\\.163\\.com\\/(market|goods)\\/(csgo|dota2|rust|h1z1|tf2|pubg|pubg_recycle|\\d+)/"],"orig_matches":[],"orig_noframes":null,"orig_run_at":"document-body","use_blockers":[],"use_connects":[],"use_excludes":[],"use_includes":[],"use_matches":[]},"run_at":null,"sandbox":null,"tab_types":null,"unwrap":null,"user_modified":null},"settings":{"enabled":true,"position":19},"meta":{"name":"网易BUFF价格比例(找挂刀)插件","uuid":"cf6e9383-92ec-44ee-bf17-3b53ece9486e","modified":1698550787830,"file_url":"https://greasyfork.org/scripts/410137-%E7%BD%91%E6%98%93buff%E4%BB%B7%E6%A0%BC%E6%AF%94%E4%BE%8B-%E6%89%BE%E6%8C%82%E5%88%80-%E6%8F%92%E4%BB%B6/code/script.user.js"}}